x,y
-313.609008789,203.229995728
-313.610992432,203.223007202
-313.57800293,203.292999268
-313.584014893,203.283996582
-313.587005615,203.276000977
-313.588989258,203.268997192
-313.592987061,203.261001587
-313.596984863,203.25
-313.597991943,203.246002197
-313.604003906,203.238006592
-313.606994629,203.231994629
-313.609008789,203.223999023
-313.580993652,203.292999268
-313.584991455,203.287994385
-313.589996338,203.279998779
-313.598999023,203.276000977
-313.609985352,203.272994995
-313.625,203.270004272
-313.640014648,203.268997192
-313.657012939,203.26600647
-313.680999756,203.268005371
-313.708007812,203.268997192
-313.70401001,203.345993042
-313.730010986,203.348999023
-313.753997803,203.354003906
-313.782989502,203.352996826
-313.816009521,203.358001709
-313.850006104,203.363006592
-313.881988525,203.371002197
-313.917999268,203.37600708
-313.954986572,203.382003784
-313.992004395,203.389007568
-313.997009277,203.473999023
-314.036010742,203.481002808
-314.075012207,203.486999512
-314.110992432,203.492004395
-314.147003174,203.49899292
-314.186004639,203.507003784
-314.221008301,203.513000488
-314.257995605,203.516998291
-314.295013428,203.522994995
-314.332000732,203.535003662
-314.338012695,203.615997314
-314.37701416,203.621002197
-314.408996582,203.628997803
-314.441009521,203.632003784
-314.477996826,203.634994507
-314.510009766,203.638000488
-314.544006348,203.643997192
-314.566986084,203.651992798
-314.595001221,203.658004761
-314.62399292,203.658996582
-314.615997314,203.738006592
-314.641998291,203.736999512
-314.665008545,203.736999512
-314.680999756,203.73399353
-314.70098877,203.735992432
-314.720001221,203.736999512
-314.739013672,203.738998413
-314.760009766,203.738998413
-314.785003662,203.738006592
-314.813995361,203.742996216
-314.843994141,203.74899292
-314.885986328,203.755004883
-314.888000488,203.86000061
-314.937011719,203.871994019
-314.984985352,203.884002686
-315.036987305,203.897003174
-315.097991943,203.910995483
-315.160003662,203.927993774
-315.221008301,203.949996948
-315.287994385,203.972000122
-315.32598877,204.04800415
-315.385986328,204.057998657
-315.441986084,204.070999146
-315.493988037,204.085998535
-315.54699707,204.102996826
-315.596984863,204.113006592
-315.644989014,204.130004883
-315.691986084,204.143997192
-315.740997314,204.156005859
-315.792999268,204.166000366
-315.813995361,204.25100708
-315.863006592,204.26600647
-315.914001465,204.285995483
-315.968994141,204.302001953
-316.024993896,204.320007324
-316.084991455,204.335998535
-316.148010254,204.356002808
-316.208007812,204.380996704
-316.265014648,204.406005859
-316.32699585,204.419006348
-316.351989746,204.507003784
-316.406005859,204.520004272
-316.454986572,204.544998169
-316.506988525,204.559997559
-316.558990479,204.574005127
-316.608001709,204.57800293
-316.648010254,204.587997437
-316.690002441,204.597000122
-316.729003906,204.604003906
-316.764007568,204.613998413
-316.768005371,204.697006226
-316.802001953,204.70199585
-316.834991455,204.707992554
-316.867004395,204.712997437
-316.899993896,204.716003418
-316.929992676,204.720993042
-316.960998535,204.725006104
-316.996002197,204.733001709
-317.032012939,204.738998413
-317.07598877,204.744003296
-317.088012695,204.82800293
-317.134002686,204.841003418
-317.190002441,204.856002808
-317.247009277,204.87399292
-317.308013916,204.886001587
-317.381988525,204.893005371
-317.447998047,204.917999268
-317.523010254,204.944000244
-317.600006104,204.968994141
-317.678009033,204.990997314
-317.720001221,205.080001831
-317.782989502,205.091003418
-317.834014893,205.106002808
-317.886993408,205.128005981
-317.937988281,205.139007568
-317.983001709,205.143005371
-318.028991699,205.149002075
-318.067993164,205.154006958
-318.101989746,205.160995483
-318.135009766,205.164001465
-318.143005371,205.23500061
-318.178009033,205.235992432
-318.213989258,205.240997314
-318.255004883,205.248001099
-318.300994873,205.253997803
-318.351013184,205.259994507
-318.404998779,205.266998291
-318.463989258,205.276000977
-318.523010254,205.298995972
-318.587005615,205.311004639
-318.649993896,205.324005127
-318.684997559,205.417999268
-318.756011963,205.434997559
-318.829986572,205.451004028
-318.904998779,205.470993042
-318.983001709,205.485992432
-319.057006836,205.503997803
-319.131011963,205.520004272
-319.200012207,205.542007446
-319.273010254,205.554992676
-319.303985596,205.651000977
-319.364013672,205.664001465
-319.42300415,205.675003052
-319.473999023,205.68800354
-319.523010254,205.699996948
-319.572998047,205.70199585
-319.614990234,205.710998535
-319.658996582,205.716003418
-319.697998047,205.718994141
-319.730987549,205.723999023
-319.734008789,205.804992676
-319.768005371,205.809997559
-319.803985596,205.815994263
-319.839996338,205.820999146
-319.884002686,205.822998047
-319.925994873,205.832992554
-319.970001221,205.841003418
-320.022003174,205.848007202
-320.071014404,205.86000061
-320.12298584,205.875
-320.147003174,205.964004517
-320.20401001,205.975997925
-320.260009766,205.986999512
-320.316009521,206.00100708
-320.378997803,206.01499939
-320.437011719,206.033996582
-320.497009277,206.044998169
-320.558990479,206.057998657
-320.619995117,206.074005127
-320.683013916,206.091995239
-320.712005615,206.177993774
-320.776000977,206.195999146
-320.834991455,206.210998535
-320.891998291,206.227005005
-320.942993164,206.238006592
-320.996002197,206.25
-321.052001953,206.253997803
-321.101989746,206.266998291
-321.149993896,206.279998779
-321.195007324,206.292007446
-321.205993652,206.37600708
-321.247009277,206.389007568
-321.289001465,206.397003174
-321.32699585,206.404006958
-321.369995117,206.408996582
-321.407012939,206.412002563
-321.441986084,206.42199707
-321.476989746,206.432006836
-321.511993408,206.436004639
-321.54901123,206.43800354
-321.553985596,206.520996094
-321.589996338,206.524993896
-321.625,206.522994995
-321.658996582,206.527999878
-321.691009521,206.533004761
-321.721984863,206.537002563
-321.755004883,206.544006348
-321.791992188,206.550994873
-321.832000732,206.552993774
-321.87600708,206.557998657
-321.87600708,206.64100647
-321.919006348,206.652999878
-321.968994141,206.660995483
-322.018005371,206.664993286
-322.062988281,206.677001953
-322.111999512,206.686004639
-322.162994385,206.695999146
-322.220001221,206.707000732
-322.277008057,206.718002319
-322.333007812,206.729003906
-322.359008789,206.817001343
-322.420013428,206.82699585
-322.481994629,206.837005615
-322.542999268,206.852005005
-322.605010986,206.860992432
-322.665008545,206.873001099
-322.730010986,206.880996704
-322.790008545,206.89100647
-322.850006104,206.906005859
-322.911010742,206.917007446
-322.967010498,206.921005249
-322.986999512,207.01499939
-323.039001465,207.022994995
-323.087005615,207.027999878
-323.132995605,207.029998779
-323.17300415,207.035003662
-323.210998535,207.035995483
-323.240997314,207.041000366
-323.272003174,207.042999268
-323.303009033,207.039001465
-323.333007812,207.035995483
-323.358001709,207.041000366
-323.352996826,207.119995117
-323.380004883,207.119995117
-323.411987305,207.121994019
-323.442993164,207.121994019
-323.471008301,207.12399292
-323.511993408,207.128997803
-323.549987793,207.134002686
-323.589996338,207.136993408
-323.631011963,207.141998291
-323.678985596,207.145996094
-323.70098877,207.203994751
-323.75100708,207.208999634
-323.800994873,207.216995239
-323.855010986,207.220001221
-323.916992188,207.223999023
-323.973999023,207.225997925
-324.032989502,207.233001709
-324.092987061,207.23500061
-324.12399292,207.307006836
-324.186004639,207.304992676
-324.244995117,207.307998657
-324.299987793,207.311004639
-324.351013184,207.311004639
-324.398986816,207.307998657
-324.446990967,207.311004639
-324.494995117,207.305999756
-324.535003662,207.305999756
-324.57699585,207.307998657
-324.618011475,207.309005737
-324.622009277,207.386001587
-324.658996582,207.382003784
-324.695007324,207.380004883
-324.730987549,207.378997803
-324.769012451,207.375
-324.804992676,207.371002197
-324.846984863,207.371002197
-324.893005371,207.369003296
-324.941009521,207.363006592
-324.954986572,207.427001953
-325.006988525,207.429000854
-325.062011719,207.429000854
-325.118988037,207.423995972
-325.177001953,207.42300415
-325.244995117,207.417007446
-325.304992676,207.414001465
-325.367004395,207.412994385
-325.432006836,207.412002563
-325.496002197,207.408004761
-325.561004639,207.404006958
-325.585998535,207.486999512
-325.653015137,207.48399353
-325.716003418,207.479003906
-325.782012939,207.473999023
-325.846008301,207.468994141
-325.907012939,207.466003418
-325.968994141,207.457992554
-326.031005859,207.449996948
-326.093994141,207.442001343
-326.157989502,207.43699646
-326.187988281,207.505996704
-326.25,207.503005981
-326.315002441,207.490005493
-326.375,207.479995728
-326.437988281,207.475997925
-326.49798584,207.470993042
-326.558990479,207.457992554
-326.615997314,207.447998047
-326.677001953,207.440994263
-326.734008789,207.43699646
-326.761993408,207.498001099
-326.812988281,207.490005493
-326.868988037,207.479995728
-326.92199707,207.472000122
-326.973999023,207.462997437
-327.019989014,207.455001831
-327.067993164,207.444000244
-327.118011475,207.430999756
-327.165985107,207.42199707
-327.187011719,207.477005005
-327.235992432,207.464996338
-327.292999268,207.447006226
-327.352996826,207.429992676
-327.412994385,207.414993286
-327.477996826,207.399993896
-327.532012939,207.386001587
-327.593994141,207.369995117
-327.664001465,207.350997925
-327.730010986,207.328994751
-327.799987793,207.307006836
-327.868988037,207.287994385
-327.916992188,207.352996826
-327.989013672,207.326004028
-328.054992676,207.307006836
-328.12399292,207.289001465
-328.183990479,207.259002686
-328.244995117,207.227005005
-328.300994873,207.203994751
-328.355010986,207.184997559
-328.412994385,207.160003662
-328.462005615,207.138000488
-328.483001709,207.192001343
-328.536010742,207.169006348
-328.592010498,207.143997192
-328.640014648,207.117996216
-328.683990479,207.098999023
-328.734985352,207.080993652
-328.783996582,207.055999756
-328.829986572,207.033996582
-328.847991943,207.069000244
-328.893005371,207.044998169
-328.941009521,207.020996094
-328.988006592,206.994003296
-329.036010742,206.966003418
-329.084014893,206.942001343
-329.135009766,206.912994385
-329.178985596,206.886993408
-329.230987549,206.85899353
-329.287994385,206.830001831
-329.309997559,206.867996216
-329.355987549,206.837005615
-329.411010742,206.809997559
-329.467987061,206.779998779
-329.527008057,206.740997314
-329.580993652,206.710006714
-329.631988525,206.675994873
-329.684997559,206.639007568
-329.739990234,206.602005005
-329.799987793,206.561004639
-329.812988281,206.600006104
-329.864990234,206.561004639
-329.917999268,206.522003174
-329.971984863,206.48399353
-330.026000977,206.442001343
-330.083007812,206.404998779
-330.135009766,206.367004395
-330.192993164,206.324005127
-330.246002197,206.279998779
-330.305999756,206.233001709
-330.324005127,206.261993408
-330.378997803,206.225006104
-330.433013916,206.182998657
-330.484985352,206.14100647
-330.536987305,206.093002319
-330.585998535,206.052001953
-330.696014404,205.953994751
-330.747009277,205.906005859
-330.79901123,205.86000061
-330.822998047,205.867996216
-330.875,205.819000244
-330.92401123,205.770004272
-330.972991943,205.718002319
-331.020996094,205.667999268
-331.065002441,205.615997314
-331.108001709,205.569000244
-331.158996582,205.518997192
-331.20300293,205.468994141
-331.252990723,205.412002563
-331.265014648,205.432006836
-331.313995361,205.380996704
-331.359985352,205.32800293
-331.397003174,205.276992798
-331.440002441,205.220001221
-331.493011475,205.169006348
-331.535003662,205.119003296
-331.57901001,205.06300354
-331.617004395,205.005996704
-331.664001465,204.95300293
-331.670013428,204.973999023
-331.709991455,204.917999268
-331.752990723,204.860992432
-331.79699707,204.807006836
-331.834014893,204.751998901
-331.871002197,204.695007324
-331.903991699,204.63999939
-331.946990967,204.578994751
-331.986999512,204.522994995
-332.026000977,204.464996338
-332.019989014,204.479995728
-332.057006836,204.423995972
-332.091003418,204.365997314
-332.12701416,204.309005737
-332.158996582,204.25100708
-332.199005127,204.192001343
-332.231994629,204.136993408
-332.261993408,204.074005127
-332.29699707,204.014007568
-332.32901001,203.960006714
-332.360992432,203.899002075
-332.356994629,203.917999268
-332.385986328,203.867004395
-332.411987305,203.811004639
-332.434997559,203.753005981
-332.466003418,203.699996948
-332.493011475,203.649002075
-332.516998291,203.600997925
-332.536010742,203.555999756
-332.558013916,203.511993408
-332.57901001,203.470001221
-332.558990479,203.503997803
-332.583007812,203.460006714
-332.600006104,203.419006348
-332.617004395,203.382003784
-332.636993408,203.345001221
-332.657989502,203.305999756
-332.675994873,203.266998291
-332.692993164,203.223007202
-332.714996338,203.182998657
-332.733001709,203.145996094
-332.712005615,203.184005737
-332.735992432,203.14100647
-332.759002686,203.091003418
-332.781005859,203.042999268
-332.804992676,202.988998413
-332.82901001,202.936004639
-332.854003906,202.878005981
-332.881988525,202.820999146
-332.907012939,202.761001587
-332.934997559,202.697006226
-332.928985596,202.707000732
-332.959014893,202.63999939
-332.990997314,202.574996948
-333.024993896,202.505996704
-333.054992676,202.434997559
-333.088989258,202.365005493
-333.122009277,202.292999268
-333.157012939,202.223999023
-333.191009521,202.152999878
-333.184997559,202.152999878
-333.214996338,202.085006714
-333.244995117,202.018997192
-333.273010254,201.955001831
-333.29901123,201.893997192
-333.322998047,201.824996948
-333.351013184,201.76499939
-333.385009766,201.701004028
-333.411987305,201.634002686
-333.433013916,201.570007324
-333.416992188,201.582000732
-333.447998047,201.516998291
-333.481994629,201.442993164
-333.507995605,201.365997314
-333.540008545,201.289993286
-333.574005127,201.214004517
-333.608001709,201.134002686
-333.641998291,201.052001953
-333.678985596,200.968002319
-333.712005615,200.882995605
-333.70401001,200.873001099
-333.739990234,200.785003662
-333.773986816,200.701004028
-333.811004639,200.617004395
-333.846984863,200.539993286
-333.877990723,200.462005615
-333.908996582,200.384994507
-333.936004639,200.317001343
-333.963989258,200.251998901
-333.988006592,200.18699646
-333.972991943,200.20300293
-333.997009277,200.147003174
-334.023986816,200.091003418
-334.040985107,200.041000366
-334.054992676,199.996002197
-334.07800293,199.95300293
-334.096008301,199.914001465
-334.110992432,199.876998901
-334.12298584,199.837005615
-334.135986328,199.796005249
-334.122009277,199.824996948
-334.139007568,199.774993896
-334.164001465,199.722000122
-334.180999756,199.667007446
-334.20401001,199.608001709
-334.226989746,199.54800415
-334.253997803,199.48500061
-334.273986816,199.421005249
-334.29800415,199.352005005
-334.321014404,199.285003662
-334.346008301,199.218994141
-334.325012207,199.23500061
-334.345001221,199.175003052
-334.360992432,199.111999512
-334.37600708,199.054000854
-334.397003174,199
-334.420013428,198.947006226
-334.441009521,198.897003174
-334.459014893,198.845993042
-334.475006104,198.796005249
-334.45098877,198.815002441
-334.467987061,198.761993408
-334.486999512,198.712005615
-334.502990723,198.660995483
-334.519989014,198.606002808
-334.536010742,198.544998169
-334.57901001,198.414001465
-334.596008301,198.343994141
-334.614013672,198.268997192
-334.614013672,198.253997803
-334.644989014,198.171005249
-334.674987793,198.083999634
-334.70098877,197.990005493
-334.730010986,197.899002075
-334.763000488,197.804992676
-334.79699707,197.714004517
-334.82699585,197.615997314
-334.854003906,197.526000977
-334.889007568,197.430999756
-334.87298584,197.421005249
-334.903015137,197.333999634
-334.934997559,197.248001099
-334.967010498,197.169006348
-334.994995117,197.087997437
-335.019012451,197.009002686
-335.04598999,196.936004639
-335.067993164,196.863998413
-335.089996338,196.792999268
-335.114013672,196.725006104
-335.106994629,196.729003906
-335.130004883,196.662994385
-335.152008057,196.597000122
-335.17300415,196.535003662
-335.20199585,196.470993042
-335.221984863,196.408004761
-335.243011475,196.343002319
-335.265991211,196.281997681
-335.289001465,196.218002319
-335.303985596,196.164993286
-335.289001465,196.177993774
-335.309997559,196.119003296
-335.334991455,196.057006836
-335.355010986,195.998001099
-335.377990723,195.936004639
-335.402008057,195.87399292
-335.428985596,195.809997559
-335.45098877,195.744995117
-335.467987061,195.684005737
-335.481994629,195.623001099
-335.50100708,195.559005737
-335.506011963,195.56300354
-335.533996582,195.496002197
-335.558990479,195.421005249
-335.57800293,195.350997925
-335.605010986,195.281005859
-335.635009766,195.205001831
-335.657989502,195.125
-335.691009521,195.044998169
-335.726013184,194.966003418
-335.727996826,194.947006226
-335.757995605,194.865997314
-335.79699707,194.783004761
-335.832000732,194.699996948
-335.863006592,194.617996216
-335.895996094,194.537994385
-335.929992676,194.45300293
-335.963012695,194.375
-335.992004395,194.29800415
-336.019012451,194.223999023
-336.010009766,194.225006104
-336.041992188,194.154998779
-336.092010498,194.01600647
-336.12298584,193.947998047
-336.149993896,193.882995605
-336.178985596,193.817993164
-336.20199585,193.755004883
-336.226013184,193.694000244
-336.25201416,193.634002686
-336.242004395,193.649993896
-336.265991211,193.593002319
-336.283996582,193.539993286
-336.308013916,193.486999512
-336.333007812,193.432998657
-336.355987549,193.382003784
-336.378997803,193.322006226
-336.398986816,193.268997192
-336.42199707,193.218002319
-336.446990967,193.160995483
-336.427001953,193.180999756
-336.45098877,193.121994019
-336.476989746,193.061004639
-336.50201416,193.00100708
-336.531005859,192.938995361
-336.565002441,192.869995117
-336.589996338,192.804992676
-336.617004395,192.738006592
-336.644989014,192.669998169
-336.67401123,192.600997925
-336.670013428,192.606994629
-336.697998047,192.535003662
-336.726989746,192.464996338
-336.763000488,192.39100647
-336.791992188,192.322998047
-336.82800293,192.25
-336.859008789,192.179992676
-336.886993408,192.106002808
-336.915008545,192.037002563
-336.947998047,191.966995239
-336.933990479,191.970993042
-336.960998535,191.901992798
-336.985992432,191.828994751
-337.022003174,191.761001587
-337.057006836,191.690002441
-337.085998535,191.619003296
-337.111999512,191.555999756
-337.143005371,191.486999512
-337.175994873,191.425003052
-337.20401001,191.35899353
-337.186004639,191.378005981
-337.212005615,191.317993164
-337.240997314,191.257003784
-337.270996094,191.195007324
-337.29699707,191.138000488
-337.320007324,191.07699585
-337.347991943,191.020004272
-337.375,190.962997437
-337.402008057,190.901000977
-337.425994873,190.843994141
-337.402008057,190.871994019
-337.433013916,190.809997559
-337.463012695,190.746994019
-337.490997314,190.68699646
-337.519989014,190.621994019
-337.553009033,190.552001953
-337.580993652,190.485992432
-337.614990234,190.410995483
-337.648986816,190.337997437
-337.680999756,190.263000488
-337.664001465,190.26600647
-337.691986084,190.188995361
-337.731994629,190.10899353
-337.769012451,190.026000977
-337.79699707,189.938995361
-337.82800293,189.854003906
-337.87298584,189.76600647
-337.904998779,189.682006836
-337.937011719,189.591995239
-337.970001221,189.507003784
-337.955993652,189.507003784
-337.985992432,189.427993774
-338.011993408,189.350006104
-338.040008545,189.279998779
-338.067993164,189.210006714
-338.095001221,189.143005371
-338.115997314,189.078994751
-338.140014648,189.016998291
-338.165008545,188.957000732
-338.188995361,188.899002075
-338.157989502,188.923995972
-338.180999756,188.867004395
-338.20098877,188.811004639
-338.220001221,188.755004883
-338.242004395,188.695007324
-338.261993408,188.636001587
-338.283996582,188.57699585
-338.308013916,188.511993408
-338.333007812,188.444000244
-338.355010986,188.378005981
-338.32699585,188.39100647
-338.346984863,188.317993164
-338.37399292,188.246994019
-338.399993896,188.177993774
-338.428009033,188.104003906
-338.457000732,188.031005859
-338.483001709,187.955001831
-338.511993408,187.882995605
-338.541992188,187.807998657
-338.563995361,187.73500061
-338.54699707,187.746002197
-338.572998047,187.677001953
-338.598999023,187.610992432
-338.62298584,187.546005249
-338.644989014,187.48500061
-338.670013428,187.425994873
-338.694000244,187.369003296
-338.718994141,187.317001343
-338.734008789,187.264007568
-338.752990723,187.212005615
-338.730010986,187.244995117
-338.75,187.192001343
-338.769989014,187.143005371
-338.790008545,187.089996338
-338.808990479,187.035003662
-338.834991455,186.975006104
-338.859008789,186.914993286
-338.880004883,186.850997925
-338.906005859,186.781005859
-338.933013916,186.716995239
-338.92401123,186.712997437
-338.945007324,186.647003174
-338.967987061,186.578994751
-339.00100708,186.513000488
-339.031005859,186.449005127
-339.055999756,186.382003784
-339.080993652,186.317993164
-339.106994629,186.253997803
-339.134002686,186.194000244
-339.157989502,186.130996704
-339.178985596,186.074996948
-339.165008545,186.089004517
-339.191009521,186.033004761
-339.214996338,185.977005005
-339.230987549,185.925003052
-339.256988525,185.871994019
-339.277008057,185.817001343
-339.29901123,185.768005371
-339.321990967,185.718002319
-339.342987061,185.67199707
-339.32901001,185.682998657
-339.347991943,185.634002686
-339.369995117,185.587005615
-339.390014648,185.539993286
-339.404998779,185.494003296
-339.428985596,185.442993164
-339.450012207,185.393997192
-339.471984863,185.343994141
-339.496002197,185.287994385
-339.516998291,185.231002808
-339.540985107,185.17199707
-339.532989502,185.179992676
-339.558013916,185.119995117
-339.584014893,185.055999756
-339.609008789,184.988998413
-339.640014648,184.92199707
-339.674987793,184.858001709
-339.704986572,184.787994385
-339.734985352,184.716995239
-339.765014648,184.647994995
-339.760986328,184.636001587
-339.792999268,184.565002441
-339.821990967,184.496002197
-339.848999023,184.429000854
-339.880004883,184.361999512
-339.911010742,184.29699707
-339.941986084,184.231002808
-339.971984863,184.167007446
-340.00201416,184.102005005
-340.031005859,184.039001465
-340.023010254,184.041000366
-340.04800415,183.981002808
-340.07901001,183.92199707
-340.105987549,183.863006592
-340.12600708,183.802993774
-340.152008057,183.742996216
-340.179992676,183.679992676
-340.212005615,183.619995117
-340.239013672,183.557998657
-340.264007568,183.49899292
-340.290985107,183.434005737
-340.282989502,183.449996948
-340.312011719,183.384994507
-340.342987061,183.320007324
-340.372009277,183.255004883
-340.403991699,183.190002441
-340.429992676,183.123001099
-340.459991455,183.052993774
-340.492004395,182.98500061
-340.522003174,182.917007446
-340.553009033,182.841995239
-340.536987305,182.839004517
-340.565002441,182.76600647
-340.597991943,182.699005127
-340.62701416,182.62399292
-340.652008057,182.550003052
-340.678009033,182.477996826
-340.708007812,182.404006958
-340.730987549,182.330001831
-340.765991211,182.246994019
-340.778015137,182.227005005
-340.799987793,182.154006958
-340.82598877,182.080001831
-340.851989746,182.003997803
-340.87600708,181.929992676
-340.903991699,181.856994629
-340.927001953,181.781997681
-340.947998047,181.710998535
-340.970001221,181.645996094
-340.993988037,181.582000732
-341.010986328,181.522003174
-341.023986816,181.466995239
-340.988006592,181.494995117
-341.00100708,181.449005127
-341.019012451,181.404998779
-341.036987305,181.361999512
-341.04800415,181.322998047
-341.058990479,181.287002563
-341.071014404,181.25
-341.085998535,181.212997437
-341.097991943,181.173995972
-341.109008789,181.130996704
-341.080993652,181.151992798
-341.098999023,181.098007202
-341.117004395,181.042007446
-341.132995605,180.98399353
-341.151000977,180.923995972
-341.17199707,180.863006592
-341.195007324,180.792007446
-341.212005615,180.727005005
-341.233001709,180.654006958
-341.25,180.578994751
-341.213012695,180.572006226
-341.231994629,180.494995117
-341.246002197,180.417007446
-341.265014648,180.335006714
-341.277008057,180.259994507
-341.299987793,180.175994873
-341.312988281,180.091003418
-341.321990967,180.007003784
-341.337005615,179.92199707
-341.313995361,179.906005859
-341.333007812,179.819000244
-341.339996338,179.738998413
-341.354003906,179.656005859
-341.367004395,179.570999146
-341.37600708,179.492004395
-341.382995605,179.417007446
-341.395996094,179.337005615
-341.402008057,179.261993408
-341.410003662,179.18699646
-341.361999512,179.190994263
-341.364990234,179.121994019
-341.375,179.052993774
-341.385986328,178.98500061
-341.391998291,178.923995972
-341.394989014,178.863006592
-341.403015137,178.807006836
-341.398986816,178.761001587
-341.399993896,178.708999634
-341.398986816,178.662994385
-341.355987549,178.688995361
-341.363006592,178.649993896
-341.364990234,178.617996216
-341.368011475,178.582992554
-341.37298584,178.548995972
-341.377990723,178.514007568
-341.385009766,178.481994629
-341.390014648,178.453994751
-341.394012451,178.42199707
-341.399993896,178.38999939
-341.339996338,178.445999146
-341.346984863,178.414993286
-341.351989746,178.380004883
-341.355010986,178.339996338
-341.359008789,178.298995972
-341.364990234,178.25100708
-341.369995117,178.20300293
-341.375,178.156005859
-341.377990723,178.11000061
-341.380004883,178.061004639
-341.308013916,178.104995728
-341.307006836,178.055999756
-341.309997559,178.001998901
-341.309997559,177.951004028
-341.309997559,177.901992798
-341.313995361,177.845001221
-341.315002441,177.792999268
-341.315002441,177.742004395
-341.315002441,177.690002441
-341.312988281,177.636001587
-341.235992432,177.675994873
-341.238006592,177.619995117
-341.236999512,177.567001343
-341.234985352,177.509994507
-341.231994629,177.45300293
-341.230010986,177.395996094
-341.225006104,177.339996338
-341.218994141,177.281005859
-341.209014893,177.225997925
-341.197998047,177.169006348
-341.12701416,177.192993164
-341.121002197,177.134994507
-341.111999512,177.07800293
-341.104003906,177.020996094
-341.095001221,176.966995239
-341.089996338,176.908996582
-341.083007812,176.852005005
-341.070007324,176.796005249
-341.059997559,176.740997314
-341.054992676,176.686004639
-340.975006104,176.725997925
-340.964996338,176.669998169
-340.958007812,176.613998413
-340.946990967,176.561004639
-340.936004639,176.507003784
-340.925994873,176.455993652
-340.914001465,176.402999878
-340.903015137,176.348999023
-340.890991211,176.296005249
-340.877990723,176.25
-340.794006348,176.289001465
-340.783996582,176.235992432
-340.774993896,176.182006836
-340.759002686,176.128997803
-340.743988037,176.07699585
-340.727996826,176.029006958
-340.705993652,175.979995728
-340.691009521,175.925003052
-340.670013428,175.869003296
-340.649993896,175.815994263
-340.571990967,175.832992554
-340.549987793,175.777999878
-340.524993896,175.720993042
-340.503997803,175.664001465
-340.479003906,175.60899353
-340.45300293,175.552001953
-340.428985596,175.490005493
-340.398986816,175.434997559
-340.365997314,175.382995605
-340.342987061,175.313995361
-340.269012451,175.311004639
-340.239990234,175.259002686
-340.205993652,175.205993652
-340.175994873,175.151000977
-340.140991211,175.093994141
-340.108001709,175.037994385
-340.074005127,174.985992432
-340.044006348,174.934005737
-340.010986328,174.878997803
-339.976989746,174.826004028
-339.885009766,174.845993042
-339.851013184,174.794006348
-339.819000244,174.738998413
-339.792999268,174.682006836
-339.756988525,174.630004883
-339.718994141,174.585006714
-339.687988281,174.533996582
-339.654998779,174.490997314
-339.614990234,174.445999146
-339.571014404,174.414993286
-339.505004883,174.423995972
-339.467987061,174.39100647
-339.436004639,174.356002808
-339.401000977,174.32699585
-339.369995117,174.300003052
-339.339996338,174.274002075
-339.312011719,174.25
-339.287994385,174.218994141
-339.270996094,174.184997559
-339.24798584,174.156005859
-339.197998047,174.160003662
-339.179992676,174.125
-339.151000977,174.106002808
-339.125,174.087997437
-339.101013184,174.065002441
-339.07598877,174.044998169
-339.04699707,174.022994995
-339.015991211,173.996994019
-338.983001709,173.972000122
-338.958007812,173.936004639
-338.910003662,173.919998169
-338.884002686,173.884994507
-338.852996826,173.852005005
-338.821014404,173.817001343
-338.787994385,173.779006958
-338.753997803,173.742004395
-338.716003418,173.705993652
-338.683990479,173.664993286
-338.649993896,173.62399292
-338.614990234,173.585006714
-338.515014648,173.630004883
-338.480987549,173.589004517
-338.445007324,173.54699707
-338.410003662,173.509994507
-338.37399292,173.473007202
-338.337005615,173.442001343
-338.295013428,173.417007446
-338.257995605,173.39100647
-338.221984863,173.365005493
-338.183990479,173.343002319
-338.121002197,173.354003906
-338.091003418,173.337997437
-338.059997559,173.322006226
-338.036010742,173.305999756
-338.015991211,173.292007446
-337.996002197,173.281997681
-337.976989746,173.268997192
-337.959014893,173.259994507
-337.938995361,173.25
-337.917999268,173.240005493
-337.898010254,173.225997925
-337.87600708,173.205993652
-337.848999023,173.190002441
-337.812988281,173.17199707
-337.778991699,173.151992798
-337.739013672,173.134002686
-337.697998047,173.110992432
-337.653991699,173.082992554
-337.605010986,173.054992676
-337.553985596,173.029998779
-337.493011475,173
-337.430999756,172.972000122
-337.372009277,172.936004639
-337.312988281,172.897003174
-337.244995117,172.863006592
-337.175994873,172.828994751
-337.109008789,172.789993286
-337.042999268,172.75
-336.976989746,172.705993652
-336.907012939,172.667007446
-336.833007812,172.626998901
-336.760009766,172.585006714
-336.687011719,172.542999268
-336.611999512,172.503997803
-336.540985107,172.458999634
-336.467010498,172.421005249
-336.397003174,172.380996704
-336.325012207,172.348999023
-336.264007568,172.307998657
-336.20098877,172.276992798
-336.144989014,172.246994019
-336.089996338,172.220993042
-336.039001465,172.190002441
-335.994995117,172.164993286
-335.949005127,172.13999939
-335.903991699,172.12399292
-335.871002197,172.100006104
-335.841003418,172.07800293
-335.804992676,172.065002441
-335.764007568,172.054000854
-335.729003906,172.037994385
-335.699005127,172.018005371
-335.662994385,172.003005981
-335.62600708,171.990997314
-335.588989258,171.975997925
-335.552001953,171.962997437
-335.518005371,171.942001343
-335.481994629,171.923995972
-335.447998047,171.901992798
-335.410003662,171.880996704
-335.364990234,171.869995117
-335.32699585,171.852996826
-335.290985107,171.837005615
-335.252990723,171.820999146
-335.218994141,171.800994873
-335.186004639,171.783004761
-335.156005859,171.772003174
-335.121002197,171.76499939
-335.092010498,171.753997803
-335.062988281,171.742996216
-335.036987305,171.727996826
-335.009002686,171.718002319
-334.980010986,171.710006714
-334.954986572,171.699996948
-334.928009033,171.68699646
-334.901000977,171.677001953
-334.868988037,171.662002563
-334.833007812,171.645004272
-334.790008545,171.626998901
-334.743988037,171.604995728
-334.694000244,171.585006714
-334.639007568,171.565994263
-334.582000732,171.542999268
-334.519989014,171.520004272
-334.454986572,171.492996216
-334.390014648,171.460006714
-334.317993164,171.434005737
-334.243011475,171.401000977
-334.166992188,171.371002197
-334.098999023,171.333999634
-334.019012451,171.302993774
-333.934997559,171.272994995
-333.851013184,171.236999512
-333.765014648,171.205993652
-333.692993164,171.167007446
-333.619995117,171.136001587
-333.542999268,171.106002808
-333.479003906,171.074005127
-333.411987305,171.046005249
-333.345001221,171.024993896
-333.278015137,171.003005981
-333.213012695,170.981994629
-333.147003174,170.951004028
-333.075012207,170.92300415
-333.00201416,170.899993896
-332.924987793,170.876998901
-332.850006104,170.850006104
-332.764007568,170.820007324
-332.678985596,170.789993286
-332.584991455,170.764007568
-332.489013672,170.738006592
-332.394012451,170.705001831
-332.290008545,170.677993774
-332.195007324,170.643997192
-332.100006104,170.617996216
-332.006011963,170.589996338
-331.92300415,170.557006836
-331.832000732,170.533996582
-331.75,170.505996704
-331.664001465,170.486999512
-331.584014893,170.462005615
-331.506988525,170.440002441
-331.437988281,170.414993286
-331.359008789,170.397003174
-331.292999268,170.375
-331.226013184,170.356994629
-331.162994385,170.333999634
-331.101013184,170.305999756
-331.033996582,170.287002563
-330.963012695,170.270004272
-330.899993896,170.246994019
-330.830993652,170.223007202
-330.765014648,170.205001831
-330.699005127,170.182998657
-330.632995605,170.162994385
-330.566009521,170.143997192
-330.502990723,170.121002197
-330.434997559,170.102996826
-330.371002197,170.085006714
-330.312011719,170.059005737
-330.244995117,170.039001465
-330.179992676,170.022003174
-330.118011475,169.996002197
-330.057006836,169.975997925
-329.989990234,169.957000732
-329.92300415,169.936004639
-329.856994629,169.914993286
-329.789001465,169.89100647
-329.722991943,169.867996216
-329.656005859,169.845001221
-329.589996338,169.826004028
-329.523010254,169.805999756
-329.454986572,169.783996582
-329.393005371,169.753005981
-329.324005127,169.735992432
-329.260986328,169.710998535
-329.196990967,169.688995361
-329.132995605,169.667999268
-329.075012207,169.643005371
-329.015991211,169.62600708
-328.958007812,169.606994629
-328.897003174,169.589004517
-328.838012695,169.567993164
-328.779998779,169.544998169
-328.721984863,169.524993896
-328.664001465,169.503997803
-328.605987549,169.485992432
-328.550994873,169.462997437
-328.489990234,169.43800354
-328.427001953,169.417007446
-328.364990234,169.397003174
-328.305999756,169.371002197
-328.240997314,169.350006104
-328.178009033,169.326004028
-328.114990234,169.300994873
-328.04901123,169.274002075
-327.977996826,169.251998901
-327.912994385,169.227996826
-327.845001221,169.205993652
-327.782012939,169.175003052
-327.717010498,169.145004272
-327.644012451,169.121002197
-327.57598877,169.098999023
-327.503997803,169.070007324
-327.437011719,169.042007446
-327.367004395,169.020004272
-327.29901123,168.990005493
-327.229003906,168.964004517
-327.158996582,168.932006836
-327.096008301,168.901992798
-327.027008057,168.878997803
-326.963012695,168.850006104
-326.894989014,168.824996948
-326.832000732,168.791000366
-326.760009766,168.766998291
-326.695007324,168.738006592
-326.62701416,168.714004517
-326.559997559,168.68699646
-326.5,168.660003662
-326.433013916,168.634002686
-326.368988037,168.608001709
-326.303985596,168.580993652
-326.234008789,168.56199646
-326.17401123,168.531005859
-326.110992432,168.503005981
-326.044006348,168.479003906
-325.977996826,168.457000732
-325.915985107,168.430999756
-325.855010986,168.399993896
-325.791992188,168.376998901
-325.729003906,168.356994629
-325.665008545,168.335006714
-325.601013184,168.305999756
-325.537994385,168.281005859
-325.470001221,168.259994507
-325.410003662,168.231994629
-325.350006104,168.205993652
-325.287994385,168.180999756
-325.227996826,168.151000977
-325.167999268,168.12399292
-325.109008789,168.095993042
-325.049987793,168.067993164
-324.980010986,168.042999268
-324.916992188,168.018997192
-324.852996826,167.992004395
-324.794006348,167.964996338
-324.725006104,167.940002441
-324.658996582,167.910995483
-324.592010498,167.886001587
-324.531005859,167.854003906
-324.460998535,167.830993652
-324.393005371,167.800994873
-324.317993164,167.770004272
-324.244995117,167.744003296
-324.178985596,167.712005615
-324.096984863,167.684997559
-324.023010254,167.660003662
-323.955993652,167.621002197
-323.880004883,167.597000122
-323.817993164,167.561004639
-323.74899292,167.526000977
-323.679992676,167.494995117
-323.614990234,167.466995239
-323.54901123,167.436004639
-323.490997314,167.410003662
-323.432006836,167.384002686
-323.37701416,167.354003906
-323.320007324,167.330001831
-323.269012451,167.305999756
-323.217010498,167.285995483
-323.170013428,167.26499939
-323.12399292,167.246994019
-323.079986572,167.227005005
-323.040008545,167.205001831
-322.993988037,167.188995361
-322.954986572,167.171005249
-322.920013428,167.151000977
-322.882995605,167.134994507
-322.845001221,167.119003296
-322.808990479,167.10899353
-322.773010254,167.091003418
-322.730010986,167.072006226
-322.687988281,167.050003052
-322.639007568,167.031997681
-322.589996338,167.01499939
-322.533996582,166.994995117
-322.476013184,166.970001221
-322.411010742,166.945007324
-322.351013184,166.919998169
-322.291992188,166.901000977
-322.230010986,166.880004883
-322.17401123,166.854003906
-322.119995117,166.832000732
-322.063995361,166.815002441
-322.009002686,166.792007446
-321.958007812,166.770004272
-321.911987305,166.753005981
-321.861999512,166.736999512
-321.812988281,166.720001221
-321.769012451,166.699996948
-321.726989746,166.680999756
-321.683013916,166.667007446
-321.640991211,166.649993896
-321.596984863,166.636993408
-321.553009033,166.623001099
-321.509002686,166.60899353
-321.463989258,166.589004517
-321.412994385,166.572006226
-321.364013672,166.554000854
-321.308013916,166.537002563
-321.24899292,166.51600647
-321.191009521,166.490997314
-321.12701416,166.468002319
-321.063995361,166.449996948
-321,166.429992676
-320.937011719,166.406997681
-320.87600708,166.388000488
-320.816009521,166.373001099
-320.759002686,166.356002808
-320.712005615,166.337005615
-320.662994385,166.317001343
-320.615997314,166.302993774
-320.565002441,166.292007446
-320.518005371,166.281005859
-320.477996826,166.264007568
-320.432006836,166.251998901
-320.390991211,166.236999512
-320.347991943,166.223999023
-320.303009033,166.207992554
-320.25100708,166.199005127
-320.20199585,166.186004639
-320.148986816,166.17300415
-320.098999023,166.152999878
-320.044006348,166.134002686
-319.985992432,166.119995117
-319.928009033,166.106002808
-319.867004395,166.091003418
-319.808990479,166.070007324
-319.743988037,166.054000854
-319.684997559,166.033996582
-319.618011475,166.020004272
-319.557006836,165.99899292
-319.488006592,165.979995728
-319.42401123,165.957992554
-319.355987549,165.940994263
-319.286987305,165.92300415
-319.221984863,165.897994995
-319.153991699,165.882995605
-319.084014893,165.869995117
-319.018005371,165.848999023
-318.95300293,165.82800293
-318.885986328,165.811004639
-318.82598877,165.792999268
-318.763000488,165.776000977
-318.70098877,165.755996704
-318.643005371,165.738998413
-318.583007812,165.725997925
-318.531005859,165.710006714
-318.477996826,165.699005127
-318.424987793,165.68699646
-318.380004883,165.67300415
-318.338012695,165.664993286
-318.299987793,165.654998779
-318.261993408,165.647994995
-318.230987549,165.64100647
-318.199005127,165.636001587
-318.17300415,165.628997803
-318.143005371,165.625
-318.113006592,165.617004395
-318.084014893,165.60899353
-318.053009033,165.600997925
-318.027008057,165.595001221
-317.997009277,165.589996338
-317.966003418,165.587997437
-317.933990479,165.57699585
-317.898010254,165.570007324
-317.855010986,165.56199646
-317.808013916,165.554992676
-317.753997803,165.550003052
-317.697998047,165.544998169
-317.636993408,165.539993286
-317.572998047,165.533004761
-317.506988525,165.524002075
-317.444000244,165.514007568
-317.37298584,165.507995605
-317.29901123,165.507995605
-317.225006104,165.50100708
-317.148010254,165.486999512
-317.062011719,165.48399353
-316.980987549,165.477005005
-316.901000977,165.468002319
-316.813995361,165.460998535
-316.726989746,165.460998535
-316.635986328,165.464004517
-316.54699707,165.468002319
-316.455993652,165.468994141
-316.372009277,165.462997437
-316.289001465,165.462005615
-316.217010498,165.472000122
-316.152008057,165.483001709
-316.096008301,165.483001709
-316.04901123,165.483001709
-316.011993408,165.488998413
-315.975006104,165.492004395
-315.934997559,165.494995117
-315.891998291,165.505996704
-315.854003906,165.513000488
-315.813995361,165.520996094
-315.773010254,165.529006958
-315.730987549,165.537002563
-315.687988281,165.542007446
-315.632995605,165.552001953
-315.579986572,165.565002441
-315.529998779,165.574005127
-315.472991943,165.583999634
-315.416992188,165.600997925
-315.367004395,165.613998413
-315.316986084,165.628997803
-315.278015137,165.638000488
-315.246002197,165.641998291
-315.212005615,165.656005859
-315.183990479,165.664993286
-315.157012939,165.67199707
-315.134002686,165.677993774
-315.113006592,165.684005737
-315.084991455,165.695007324
-315.050994873,165.703994751
-315.011993408,165.716995239
-314.977996826,165.731994629
-314.941009521,165.744003296
-314.897003174,165.757003784
-314.847991943,165.774002075
-314.79901123,165.791000366
-314.747009277,165.811004639
-314.694000244,165.830001831
-314.643005371,165.848007202
-314.582000732,165.865997314
-314.532989502,165.87399292
-314.481994629,165.89100647
-314.402008057,165.934997559
-314.350006104,165.947998047
-314.29901123,165.958999634
-314.25100708,165.968994141
-314.20199585,165.983001709
-314.151000977,165.996994019
-314.108001709,166.005996704
-314.067993164,166.01499939
-314.019012451,166.029998779
-313.971984863,166.039993286
-313.854003906,166.145996094
-313.809997559,166.152999878
-313.769989014,166.164993286
-313.726989746,166.184997559
-313.683013916,166.205001831
-313.638000488,166.220001221
-313.589996338,166.231002808
-313.542999268,166.24899292
-313.50100708,166.268997192
-313.459014893,166.292007446
-313.339996338,166.410995483
-313.289001465,166.436004639
-313.240997314,166.460998535
-313.190002441,166.485992432
-313.143005371,166.511001587
-313.096984863,166.537994385
-313.04699707,166.565994263
-312.99899292,166.595001221
-312.95401001,166.625
-312.914001465,166.649993896
-312.825012207,166.75
-312.778991699,166.772003174
-312.740997314,166.796005249
-312.704986572,166.819000244
-312.67300415,166.843994141
-312.643005371,166.865005493
-312.610992432,166.886001587
-312.57901001,166.910995483
-312.54800415,166.930999756
-312.516998291,166.951004028
-312.486999512,166.970993042
-312.398986816,167.082000732
-312.375,167.102996826
-312.351989746,167.123001099
-312.325012207,167.145996094
-312.29699707,167.169998169
-312.266998291,167.194000244
-312.239013672,167.214996338
-312.209014893,167.244995117
-312.178985596,167.279998779
-312.144989014,167.315002441
-312.057006836,167.427993774
-312.016998291,167.468002319
-311.977996826,167.505996704
-311.940002441,167.548995972
-311.895996094,167.593994141
-311.851013184,167.638000488
-311.807006836,167.686004639
-311.766998291,167.738006592
-311.730010986,167.787994385
-311.648010254,167.906005859
-311.618988037,167.949005127
-311.593994141,167.985992432
-311.567993164,168.018997192
-311.544006348,168.046005249
-311.523986816,168.065994263
-311.506011963,168.085006714
-311.494995117,168.102005005
-311.483001709,168.119995117
-311.471984863,168.134994507
-311.412994385,168.229003906
-311.398986816,168.24899292
-311.385009766,168.274993896
-311.360992432,168.304992676
-311.338989258,168.337005615
-311.316986084,168.37600708
-311.290985107,168.417007446
-311.256988525,168.466003418
-311.221984863,168.518997192
-311.180999756,168.572006226
-311.089996338,168.712997437
-311.052001953,168.777999878
-311.014007568,168.845001221
-310.972991943,168.914001465
-310.928009033,168.981994629
-310.878997803,169.050003052
-310.834991455,169.117996216
-310.790985107,169.18699646
-310.752990723,169.253997803
-310.709014893,169.320007324
-310.618011475,169.462005615
-310.57699585,169.522994995
-310.536987305,169.578994751
-310.496002197,169.638000488
-310.467010498,169.690994263
-310.436004639,169.744995117
-310.407012939,169.79699707
-310.375,169.847000122
-310.341003418,169.899002075
-310.309997559,169.95199585
-310.234985352,170.089996338
-310.199005127,170.149993896
-310.164001465,170.210998535
-310.128997803,170.276992798
-310.089996338,170.343994141
-310.053985596,170.42199707
-310.010986328,170.492996216
-309.967010498,170.565994263
-309.925994873,170.638000488
-309.889007568,170.707992554
-309.815002441,170.856002808
-309.782012939,170.919006348
-309.752990723,170.975997925
-309.731994629,171.029998779
-309.705993652,171.07800293
-309.680999756,171.12399292
-309.660003662,171.167999268
-309.639007568,171.210006714
-309.618011475,171.25
-309.601989746,171.287994385
-309.584014893,171.330001831
-309.523986816,171.442993164
-309.502990723,171.48399353
-309.485992432,171.527999878
-309.463012695,171.572006226
-309.444000244,171.619995117
-309.429992676,171.666000366
-309.410003662,171.712997437
-309.385009766,171.763000488
-309.359008789,171.813995361
-309.338012695,171.865005493
-309.282012939,171.988998413
-309.260986328,172.04800415
-309.233001709,172.102005005
-309.209014893,172.156005859
-309.187988281,172.205001831
-309.167999268,172.255996704
-309.144012451,172.305999756
-309.122009277,172.350006104
-309.100006104,172.395996094
-309.04901123,172.498001099
-309.032989502,172.539993286
-309.019012451,172.576004028
-309.002990723,172.61000061
-308.988006592,172.645996094
-308.971008301,172.677993774
-308.959991455,172.707992554
-308.946014404,172.742996216
-308.927001953,172.781997681
-308.914001465,172.817993164
-308.864013672,172.929000854
-308.843994141,172.968994141
-308.825012207,173.009994507
-308.809997559,173.052993774
-308.791992188,173.097000122
-308.770996094,173.143997192
-308.752990723,173.192993164
-308.735992432,173.240997314
-308.717010498,173.291000366
-308.700012207,173.339004517
-308.634002686,173.464996338
-308.611999512,173.518997192
-308.57901001,173.636001587
-308.555999756,173.695007324
-308.529998779,173.753997803
-308.506011963,173.815002441
-308.488006592,173.87600708
-308.463989258,173.944000244
-308.437988281,174.005996704
-308.364990234,174.149002075
-308.339996338,174.214004517
-308.316986084,174.283996582
-308.287994385,174.354995728
-308.260986328,174.42300415
-308.231994629,174.492996216
-308.212005615,174.56199646
-308.184997559,174.632003784
-308.154998779,174.70199585
-308.12600708,174.770996094
-308.066009521,174.912002563
-308.044006348,174.977996826
-308.023986816,175.042999268
-307.99798584,175.106002808
-307.975006104,175.167999268
-307.959014893,175.227996826
-307.945007324,175.283996582
-307.92199707,175.341003418
-307.898986816,175.391998291
-307.881988525,175.440994263
-307.842010498,175.56199646
-307.833007812,175.604995728
-307.819000244,175.64100647
-307.805999756,175.679992676
-307.792999268,175.727996826
-307.779998779,175.776000977
-307.763000488,175.828994751
-307.75,175.882995605
-307.733001709,175.942993164
-307.712005615,176.005004883
-307.653991699,176.149002075
-307.632995605,176.222000122
-307.614990234,176.298995972
-307.592010498,176.37600708
-307.566986084,176.453994751
-307.54901123,176.526992798
-307.532989502,176.600997925
-307.514007568,176.673995972
-307.493011475,176.744995117
-307.472991943,176.815994263
-307.415008545,176.957992554
-307.406005859,177.026992798
-307.385009766,177.087997437
-307.360992432,177.154006958
-307.343994141,177.216995239
-307.32699585,177.274993896
-307.315002441,177.332992554
-307.29699707,177.39100647
-307.279998779,177.449996948
-307.265991211,177.503997803
-307.207000732,177.636993408
-307.187988281,177.697006226
-307.17199707,177.753005981
-307.151000977,177.811004639
-307.132995605,177.869995117
-307.12399292,177.929000854
-307.102996826,177.986999512
-307.084014893,178.041000366
-307.065002441,178.098999023
-307.058013916,178.154998779
-307.00100708,178.283004761
-306.988006592,178.335006714
-306.970001221,178.382995605
-306.95401001,178.430999756
-306.940002441,178.473999023
-306.92401123,178.518005371
-306.916992188,178.559005737
-306.912994385,178.600006104
-306.904998779,178.64100647
-306.893005371,178.677001953
-306.837005615,178.785003662
-306.825012207,178.822006226
-306.816009521,178.85899353
-306.804992676,178.895996094
-306.792999268,178.936004639
-306.778991699,178.975006104
-306.766998291,179.013000488
-306.757995605,179.048995972
-306.742004395,179.093994141
-306.729003906,179.136001587
-306.717010498,179.184997559
-306.660003662,179.317001343
-306.641998291,179.371002197
-306.621002197,179.42199707
-306.604003906,179.479995728
-306.585998535,179.537994385
-306.566986084,179.604995728
-306.54598999,179.67300415
-306.523986816,179.744995117
-306.5,179.820007324
-306.472991943,179.893005371
-306.406005859,180.039993286
-306.377990723,180.115005493
-306.350006104,180.188995361
-306.321990967,180.263000488
-306.29598999,180.337005615
-306.273986816,180.410995483
-306.244995117,180.48399353
-306.214996338,180.557006836
-306.187988281,180.630004883
-306.166992188,180.70199585
-306.118011475,180.830993652
-306.087005615,180.902999878
-306.058990479,180.972000122
-306.033996582,181.039993286
-306.006988525,181.10899353
-305.980010986,181.179000854
-305.95401001,181.242004395
-305.92401123,181.309997559
-305.899993896,181.371994019
-305.852996826,181.494995117
-305.833007812,181.559997559
-305.807006836,181.621002197
-305.783996582,181.682006836
-305.765991211,181.73500061
-305.747009277,181.787002563
-305.723999023,181.839004517
-305.710998535,181.888000488
-305.700012207,181.936004639
-305.678009033,181.979995728
-305.634002686,182.082000732
-305.619995117,182.121994019
-305.601013184,182.162994385
-305.582000732,182.201004028
-305.569000244,182.231994629
-305.557006836,182.263000488
-305.54699707,182.294998169
-305.540008545,182.322998047
-305.527008057,182.348999023
-305.519012451,182.373001099
-305.507995605,182.397003174
-305.471984863,182.494003296
-305.467010498,182.51499939
-305.454986572,182.535995483
-305.441986084,182.557998657
-305.436004639,182.574996948
-305.427001953,182.591995239
-305.42401123,182.608001709
-305.412994385,182.626998901
-305.408996582,182.647003174
-305.401000977,182.664993286
-305.363006592,182.764007568
-305.355010986,182.789993286
-305.343994141,182.822998047
-305.332000732,182.854003906
-305.319000244,182.888000488
-305.303985596,182.925003052
-305.282012939,182.968002319
-305.265991211,183.013000488
-305.25,183.057006836
-305.195007324,183.171005249
-305.17300415,183.220001221
-305.151000977,183.270996094
-305.131988525,183.326004028
-305.109008789,183.380004883
-305.083007812,183.438995361
-305.058990479,183.496002197
-305.037994385,183.557006836
-305.013000488,183.617004395
-304.986999512,183.680999756
-304.957000732,183.742996216
-304.891998291,183.888000488
-304.868011475,183.949996948
-304.838989258,184.022003174
-304.811004639,184.089004517
-304.785003662,184.152999878
-304.756988525,184.220001221
-304.730987549,184.287994385
-304.691986084,184.352996826
-304.662994385,184.419006348
-304.605987549,184.544998169
-304.579986572,184.606994629
-304.552001953,184.669998169
-304.524993896,184.727996826
-304.505004883,184.787002563
-304.480987549,184.839996338
-304.460998535,184.88999939
-304.444000244,184.938995361
-304.42300415,184.986999512
-304.402008057,185.031005859
-304.32699585,185.166000366
-304.302001953,185.214996338
-304.29598999,185.244995117
-304.278015137,185.287002563
-304.266998291,185.324005127
-304.247009277,185.36000061
-304.226989746,185.397003174
-304.213012695,185.434997559
-304.200012207,185.475997925
-304.182006836,185.522003174
-304.157989502,185.567001343
-304.071014404,185.729003906
-304.052001953,185.779998779
-304.032989502,185.832992554
-304.009002686,185.880996704
-303.980010986,185.930999756
-303.959991455,185.981994629
-303.937011719,186.035003662
-303.910003662,186.087005615
-303.885986328,186.138000488
-303.82901001,186.26499939
-303.808013916,186.315002441
-303.779998779,186.367004395
-303.756011963,186.42300415
-303.730987549,186.479995728
-303.704986572,186.539993286
-303.682006836,186.598007202
-303.657012939,186.654998779
-303.631011963,186.718002319
-303.601989746,186.777999878
-303.528991699,186.929000854
-303.50100708,186.988006592
-303.473999023,187.052001953
-303.446014404,187.111999512
-303.415985107,187.175994873
-303.394012451,187.238998413
-303.365997314,187.300003052
-303.338012695,187.363006592
-303.308013916,187.423995972
-303.281005859,187.485992432
-303.20098877,187.628997803
-303.178009033,187.684005737
-303.157012939,187.73500061
-303.132995605,187.789001465
-303.110992432,187.835998535
-303.091003418,187.880996704
-303.067993164,187.923995972
-303.049987793,187.970001221
-303.028991699,188.01499939
-303.007995605,188.055999756
-302.946990967,188.18800354
-302.925994873,188.231002808
-302.911987305,188.268997192
-302.894012451,188.31199646
-302.87701416,188.356994629
-302.854003906,188.393005371
-302.837005615,188.427993774
-302.824005127,188.470001221
-302.800994873,188.509002686
-302.782012939,188.544998169
-302.718994141,188.667007446
-302.705993652,188.705993652
-302.687988281,188.742004395
-302.67300415,188.781997681
-302.656005859,188.822006226
-302.636993408,188.867004395
-302.62298584,188.906005859
-302.604003906,188.949005127
-302.585998535,188.988006592
-302.565002441,189.031005859
-302.506988525,189.166000366
-302.484008789,189.214004517
-302.467010498,189.255996704
-302.45098877,189.309005737
-302.432006836,189.358001709
-302.411010742,189.410995483
-302.385009766,189.464996338
-302.363006592,189.522003174
-302.348999023,189.580993652
-302.329986572,189.641998291
-302.259002686,189.776000977
-302.233001709,189.835006714
-302.210998535,189.899002075
-302.187988281,189.964004517
-302.167999268,190.024993896
-302.139007568,190.087005615
-302.101013184,190.145996094
-302.075012207,190.208999634
-302.058013916,190.270996094
-302.041992188,190.339996338
-301.981994629,190.490997314
-301.955993652,190.559997559
-301.933013916,190.62600708
-301.906005859,190.692001343
-301.87701416,190.761993408
-301.850006104,190.82699585
-301.824005127,190.891998291
-301.79800415,190.955993652
-301.772003174,191.020996094
-301.746002197,191.085998535
-301.725006104,191.147994995
-301.670013428,191.285995483
-301.648010254,191.345993042
-301.631011963,191.404006958
-301.611999512,191.460006714
-301.591003418,191.511001587
-301.57800293,191.557006836
-301.565002441,191.606994629
-301.553009033,191.651000977
-301.536010742,191.690994263
-301.523010254,191.725006104
-301.493011475,191.826004028
-301.486999512,191.852005005
-301.480010986,191.871994019
-301.468994141,191.893005371
-301.467010498,191.906005859
-301.466003418,191.92199707
-301.462005615,191.932006836
-301.459991455,191.945999146
-301.459014893,191.95300293
-301.458007812,191.962997437
-301.45401001,191.975006104
-301.42401123,192.063995361
-301.424987793,192.085998535
-301.416992188,192.11000061
-301.411010742,192.13999939
-301.403991699,192.171005249
-301.402008057,192.199996948
-301.394012451,192.240005493
-301.385009766,192.283996582
-301.37701416,192.32800293
-301.334014893,192.445999146
-301.324005127,192.49899292
-301.313995361,192.555999756
-301.29901123,192.617004395
-301.286987305,192.679992676
-301.277008057,192.744995117
-301.266998291,192.81199646
-301.256011963,192.878997803
-301.24899292,192.949005127
-301.246002197,193.016998291
-301.216003418,193.160995483
-301.209991455,193.229995728
-301.208007812,193.298995972
-301.204986572,193.367996216
-301.20199585,193.43699646
-301.20401001,193.505004883
-301.199005127,193.572006226
-301.197998047,193.64100647
-301.194000244,193.70300293
-301.191986084,193.76499939
-301.174987793,193.889007568
-301.178009033,193.947998047
-301.177001953,194.005996704
-301.174987793,194.06199646
-301.179992676,194.117004395
-301.178985596,194.17300415
-301.179992676,194.220993042
-301.180999756,194.266998291
-301.187011719,194.304992676
-301.186004639,194.341003418
-301.161010742,194.438995361
-301.164001465,194.464004517
-301.170013428,194.485992432
-301.17401123,194.509002686
-301.178009033,194.529998779
-301.184997559,194.554000854
-301.190002441,194.585006714
-301.196990967,194.617996216
-301.204986572,194.658996582
-301.210998535,194.707000732
-301.214996338,194.753005981
-301.187988281,194.876998901
-301.199005127,194.932006836
-301.209991455,194.985992432
-301.217010498,195.04800415
-301.229003906,195.10899353
-301.25100708,195.167007446
-301.263000488,195.229003906
-301.278015137,195.300003052
-301.29800415,195.367004395
-301.312988281,195.438995361
-301.29598999,195.583999634
-301.316986084,195.656005859
-301.341003418,195.727005005
-301.363006592,195.807998657
-301.395996094,195.876998901
-301.424987793,195.949996948
-301.454986572,196.027999878
-301.483001709,196.102996826
-301.505004883,196.229003906
-301.532989502,196.300003052
-301.566009521,196.371002197
-301.598999023,196.440994263
-301.635986328,196.505004883
-301.67098999,196.567001343
-301.70401001,196.628005981
-301.742004395,196.684997559
-301.774993896,196.744003296
-301.805999756,196.798995972
-301.838012695,196.845001221
-301.868988037,196.886001587
-301.864990234,197.018005371
-301.886993408,197.059005737
-301.915008545,197.091995239
-301.949005127,197.125
-301.976013184,197.154998779
-302.00201416,197.184997559
-302.023010254,197.210998535
-302.041992188,197.238006592
-302.045013428,197.309997559
-302.071990967,197.332000732
-302.093994141,197.354995728
-302.118011475,197.382003784
-302.141998291,197.410995483
-302.169006348,197.442993164
-302.200012207,197.475997925
-302.239990234,197.514007568
-302.279998779,197.559005737
-302.321014404,197.61000061
-302.329986572,197.736999512
-302.384002686,197.789993286
-302.438995361,197.848999023
-302.49899292,197.914993286
-302.557006836,197.981994629
-302.621002197,198.055999756
-302.687988281,198.12600708
-302.752990723,198.199996948
-302.82699585,198.279006958
-302.897003174,198.360992432
-302.941986084,198.51499939
-303.026000977,198.598007202
-303.114013672,198.680999756
-303.20300293,198.768005371
-303.287994385,198.848999023
-303.37600708,198.925003052
-303.462005615,198.990997314
-303.541992188,199.055999756
-303.618988037,199.11000061
-303.688995361,199.154998779
-303.75,199.195999146
-303.813995361,199.233001709
-303.832000732,199.36000061
-303.894989014,199.393997192
-303.954986572,199.427001953
-304.015991211,199.458999634
-304.079986572,199.494995117
-304.148010254,199.529006958
-304.221008301,199.565994263
-304.29901123,199.604003906
-304.384002686,199.643997192
-304.468994141,199.677001953
-304.523010254,199.79800415
-304.622009277,199.833999634
-304.730010986,199.871994019
-304.833007812,199.912002563
-304.932006836,199.949005127
-305.023986816,199.981994629
-305.117004395,200.011001587
-305.205993652,200.037994385
-305.263000488,200.121002197
-305.342987061,200.143005371
-305.419006348,200.17199707
-305.490997314,200.199005127
-305.554992676,200.216995239
-305.621002197,200.231994629
-305.679992676,200.25
-305.740997314,200.264007568
-305.79598999,200.277999878
-305.851989746,200.292999268
-305.901000977,200.307006836
-305.950012207,200.322006226
-305.967987061,200.42199707
-306.015991211,200.432006836
-306.065002441,200.444000244
-306.109008789,200.457992554
-306.149993896,200.468002319
-306.190002441,200.475997925
-306.230010986,200.488006592
-306.270996094,200.492004395
-306.309997559,200.5
-306.345001221,200.503997803
-306.351989746,200.578994751
-306.384002686,200.585998535
-306.420013428,200.589996338
-306.455993652,200.597000122
-306.489013672,200.600006104
-306.522003174,200.608001709
-306.552001953,200.613998413
-306.582000732,200.619003296
-306.591003418,200.682998657
-306.622009277,200.688995361
-306.651000977,200.694000244
-306.684997559,200.697998047
-306.720001221,200.705993652
-306.753997803,200.716003418
-306.79800415,200.725006104
-306.841003418,200.733001709
-306.888000488,200.746002197
-306.933990479,200.759994507
-306.962005615,200.848007202
-307.019989014,200.865005493
-307.079986572,200.878997803
-307.140014648,200.899002075
-307.20300293,200.919998169
-307.270996094,200.942993164
-307.338989258,200.964996338
-307.403991699,200.992004395
-307.476013184,201.018005371
-307.552001953,201.04800415
-307.628997803,201.076004028
-307.680999756,201.184005737
-307.761993408,201.216003418
-307.851013184,201.246002197
-307.933013916,201.276000977
-308.019989014,201.307006836
-308.101013184,201.339996338
-308.187988281,201.365005493
-308.273010254,201.393005371
-308.355987549,201.423995972
-308.407012939,201.513000488
-308.488006592,201.539993286
-308.562988281,201.559005737
-308.636993408,201.585006714
-308.705993652,201.60899353
-308.776000977,201.62600708
-308.845001221,201.638000488
-308.915985107,201.656005859
-308.980010986,201.677993774
-309.04901123,201.694000244
-309.084991455,201.783996582
-309.154998779,201.807006836
-309.231994629,201.824005127
-309.304992676,201.843002319
-309.384002686,201.856002808
-309.458007812,201.87600708
-309.536010742,201.893005371
-309.613006592,201.904998779
-309.684997559,201.92199707
-309.756011963,201.940994263
-309.79699707,202.029006958
-309.864990234,202.042999268
-309.933013916,202.057006836
-309.99899292,202.069000244
-310.059997559,202.082992554
-310.118988037,202.091995239
-310.17401123,202.098007202
-310.222991943,202.110992432
-310.273010254,202.119995117
-310.321014404,202.130004883
-310.333007812,202.210006714
-310.377990723,202.214996338
-310.415985107,202.218994141
-310.45199585,202.223999023
-310.490997314,202.227996826
-310.532012939,202.231002808
-310.565002441,202.233001709
-310.604003906,202.240997314
-310.640991211,202.242996216
-310.679992676,202.246002197
-310.684997559,202.32699585
-310.726989746,202.332000732
-310.769012451,202.337997437
-310.812011719,202.343002319
-310.854003906,202.354995728
-310.904998779,202.363998413
-310.957000732,202.373001099
-311.009002686,202.386001587
-311.061004639,202.401000977
-311.121002197,202.412002563
-311.153015137,202.492996216
-311.213989258,202.505996704
-311.273986816,202.522994995
-311.337005615,202.537994385
-311.404998779,202.554000854
-311.471984863,202.567993164
-311.540008545,202.585006714
-311.611999512,202.600997925
-311.679992676,202.619003296
-311.75,202.636001587
-311.821990967,202.649002075
-311.859008789,202.748001099
-311.929992676,202.770004272
-312.003997803,202.792999268
-312.07598877,202.817001343
-312.152008057,202.835998535
-312.229003906,202.856002808
-312.302001953,202.878005981
-312.381011963,202.897994995
-312.458007812,202.916000366
-312.536010742,202.942001343
-312.588012695,203.035003662
-312.670013428,203.057998657
-312.75100708,203.080993652
-312.825012207,203.102996826
-312.898986816,203.119995117
-312.971984863,203.143997192
-313.04800415,203.167007446
-313.118011475,203.184997559
-313.187011719,203.208999634
-313.259002686,203.227996826
-313.294006348,203.315002441
-313.358001709,203.330993652
-313.42098999,203.345993042
-313.481994629,203.360992432
-313.539001465,203.373001099
-313.584014893,203.395996094
-313.634002686,203.410995483
-313.680999756,203.419998169
-313.725006104,203.425003052
-313.74798584,203.492996216
-313.785003662,203.501998901
-313.820007324,203.505996704
-313.848999023,203.505996704
-313.880004883,203.511993408
-313.911987305,203.51600647
-313.940002441,203.51600647
-313.967987061,203.518005371
-313.993011475,203.522003174
-314.020996094,203.524993896
-314.018005371,203.600997925
-314.04901123,203.604003906
-314.085998535,203.613006592
-314.128997803,203.62399292
-314.179992676,203.632003784
-314.236999512,203.645996094
-314.29598999,203.664001465
-314.358001709,203.679000854
-314.428985596,203.697998047
-314.49899292,203.718994141
-314.537994385,203.81199646
-314.602996826,203.830993652
-314.657989502,203.845001221
-314.70401001,203.85899353
-314.747009277,203.875
-314.790008545,203.88999939
